# This file was produced by the NASA Exoplanet Archive  http://exoplanetarchive.ipac.caltech.edu,,,,,,,,,,,,,,,,,,
# Sat Aug 25 14:58:28 2012,,,,,,,,,,,,,,,,,,
#,,,,,,,,,,,,,,,,,,
# CONSTRAINT:  order by pl_hostname asc,,,,,,,,,,,,,,,,,,
#,,,,,,,,,,,,,,,,,,
#pl_hostname,pl_letter,pl_orbper,pl_orbsmax,pl_orbeccen,pl_massj,pl_radj,pl_dens,pl_orbincl,pl_ttvflag,ra,dec,st_dist,st_vj,st_teff,st_mass,st_rad,hd_name,hip_name
11 Com,b,326.03,1.29,0.231,19.4,,,,,185.179276,17.792868,110.62,4.74,4742,2.7,19.5,107383,60202
11 UMi,b,516.22,1.54,0.08,10.5,,,,,229.274536,71.823898,119.47,5.016,4340,1.8,24.08,136726,74793
14 And,b,185.84,0.83,0,4.8,,,,,352.822571,39.236198,76.39,5.22,4813,2.2,11,221345,116076
14 Her,b,1773.4,2.77,0.369,4.64,,,,,242.601303,43.817646,18.15,6.605,5311,0.9,,145675,79248
16 Cyg B,b,798.5,1.681,0.681,1.68,,,,,295.466553,50.517525,21.41,6.2,5674,0.99,1.16,186427,96901
18 Del,b,993.3,2.6,0.08,10.3,,,,,314.608063,10.839286,73.1,5.506,4979,2.3,8.5,199665,103527
24 Sex,b,452.8,1.333,0.09,1.99,,,,,155.86821,-0.902244,74.79,6.441,5098,1.54,4.9,90043,50887
24 Sex,c,883,2.08,0.29,0.86,,,,,155.86821,-0.902244,74.79,6.441,5098,1.54,4.9,90043,50887
30 Ari B,b,335.1,0.995,0.289,9.88,,,,,39.252182,24.647223,40.13,6.455,6152,1.16,1.13,16246,12189
4 Uma,b,269.3,0.87,0.432,7.1,,,,,130.053406,64.327934,77.4,4.61,4415,1.23,18.11,73108,42527
42 Dra,b,479.1,1.19,0.38,3.88,,,,,276.496399,65.563484,97.28,4.82,4200,0.98,22.03,170693,90344
47 Uma,b,1078,2.1,0.032,2.53,,,,,164.866562,40.430256,14.08,5.05,5882,1.08,1.23,95128,53721
47 Uma,c,2391,3.6,0.098,0.54,,,,,164.866562,40.430256,14.08,5.05,5882,1.08,1.23,95128,53721
47 Uma,d,14002,11.6,0.16,1.64,,,,,164.866562,40.430256,14.08,5.05,5882,1.08,1.23,95128,53721
51 Peg,b,4.230785,0.0527,0.013,0.472,,,,,344.366577,20.768833,15.36,5.5,5787,1.09,1.2,217014,113357
55 Cnc,b,14.65162,0.115,0.014,0.824,,,,,133.149216,28.330818,12.53,5.938,5196,0.9,0.94,75732,43587
55 Cnc,c,44.3446,0.24,0.086,0.169,,,,,133.149216,28.330818,12.53,5.938,5196,0.9,0.94,75732,43587
55 Cnc,d,5218,5.77,0.025,3.835,,,,,133.149216,28.330818,12.53,5.938,5196,0.9,0.94,75732,43587
55 Cnc,e,0.7365449,0.01583,,0.027,0.178,5.9,90,,133.149216,28.330818,12.53,5.938,5196,0.9,0.94,75732,43587
55 Cnc,f,260,0.781,0.2,0.144,,,,,133.149216,28.330818,12.53,5.938,5196,0.9,0.94,75732,43587
6 Lyn,b,874.774,2.18,0.059,2.21,,,,,97.696281,58.162632,56.95,5.88,4978,1.82,5.2,45410,31039
61 Vir,b,4.215,0.050201,0.12,0.016,,,,,199.601318,-18.311195,8.52,4.74,5530,0.92,0.98,115617,64924
61 Vir,c,38.021,0.2175,0.14,0.0573,,,,,199.601318,-18.311195,8.52,4.74,5530,0.92,0.98,115617,64924
61 Vir,d,123.01,0.476,0.35,0.072,,,,,199.601318,-18.311195,8.52,4.74,5530,0.92,0.98,115617,64924
7 CMa,b,763,1.9,0.14,2.6,,,,,99.17099,-19.255878,19.84,3.92,4792,1.52,2.3,47205,31592
70 Vir,b,116.6884,0.484,0.4007,7.49,,,,,202.107544,13.778788,18.11,4.98,5530,0.92,1.87,117176,65721
75 Cet,b,691.9,2.1,0.117,3,,,,,38.039253,-1.034896,81.5,5.35,4846,2.49,10.5,15779,11791
81 Cet,b,952.7,2.5,0.206,5.3,,,,,39.424168,-3.396175,97.18,5.65,4810,,11.02,16400,12247
AB Pic,b,,260,,13.5,,,,,94.803802,-58.05431,45.52,9.128,5080,0.78,0.88,44627,30034
BD-082823,b,5.6,0.056,0.15,0.045,,,,,150.198837,-9.51668,42.09,9.88,4840,0.72,0.67,,49067
BD-082823,c,237.6,0.68,0.19,0.33,,,,,150.198837,-9.51668,42.09,9.88,4840,0.72,0.67,,49067
BD-17 63,b,655.6,1.34,0.54,5.1,,,,,7.142942,-16.226345,37.54,9.566,4580,0.67,0.88,,2247
BD+14 4559,b,268.94,0.777,0.29,1.47,,,,,318.399963,14.689387,50.03,9.63,4850,0.73,0.88,,104780
beta Pic,b,6000,8,,8,,,,,86.821198,-51.066513,19.28,3.85,7950,1.8,1.5,39060,27321
eps Eridani,b,2502,3.39,0.702,1.55,,,30.1,,53.232685,-9.458262,3.22,3.73,5090,0.78,0.74,22049,16537
eps Tau,b,594.9,1.93,0.151,7.6,,,,,67.154167,19.180431,47.53,3.54,4830,,14.06,28305,20889
Fomalhaut,b,320000,115,0.13,3,,,,,344.412689,-29.622236,7.69,1.16,8540,2.06,1.82,216956,113368
gamma 1 Leo,b,428.5,1.19,0.144,8.78,,,,,154.993149,19.841488,38.52,1.98,4460,,32.31,89484,50583
gamma Cephei,b,905.574,2.13,0.12,1.7,,,,,354.836884,77.632278,13.79,3.21,4790,,4.88,222404,116727
GJ 3021,b,133.71,0.49,0.511,3.37,,,,,4.052823,-79.851181,17.62,6.582,5360,0.86,0.94,1237,1292
GJ 433,b,7,,,0.019,,,,,173.862289,-32.53997,9.04,9.806,3600,0.52,0.47,,56528
GJ 436,b,2.64385,0.0285,0.16,0.0737,0.365,2.008,86.36,,175.546219,26.70657,10.23,10.65,3350,0.46,0.45,,57087
GJ 649,b,598.3,1.135,0.3,0.328,,,,,254.53688,25.74416,10.32,9.69,3680,0.54,0.52,,83043
GJ 674,b,4.6938,0.039,0.2,0.03489,,,,,262.166443,-46.895191,4.54,9.37,3420,0.37,0.36,,85523
GJ 676A,b,1000,,,4,,,,,262.546692,-51.636978,16.13,9.58,3860,0.6,0.71,,85647
GJ 832,b,3416,3.4,0.12,0.64,,,,,323.391571,-49.009006,4.94,8.66,3620,0.52,0.43,204961,106440
Gj 849,b,1890,2.35,0.06,0.82,,,,,332.418121,-4.640729,8.77,10.37,3310,0.26,0.52,,109388
Gl 179,b,2288,2.41,0.21,0.82,,,,,73.023865,6.476539,12.12,12,3200,0.19,0.4,,22627
Gl 581,b,5.36874,0.04,0,0.04924,,,,,229.861771,-7.72228,6.27,10.56,3330,0.28,0.33,,74995
Gl 581,c,12.9292,0.07,0.17,0.0169,,,,,229.861771,-7.72228,6.27,10.56,3330,0.28,0.33,,74995
Gl 581,d,66.8,0.22,0.38,0.0223,,,,,229.861771,-7.72228,6.27,10.56,3330,0.28,0.33,,74995
Gl 581,e,3.14942,0.03,0,0.0061,,,,,229.861771,-7.72228,6.27,10.56,3330,0.28,0.33,,74995
Gl 86,b,15.76491,0.113,0.0416,3.91,,,,,32.608059,-50.823723,10.91,6.12,5230,0.82,0.77,13445,10138
Gliese 876,b,61.065,0.211,0.031,2.64,,,48.98,,343.319733,-14.2637,4.7,10.191,3160,0.17,0.38,,113020
Gliese 876,c,30.258,0.132,0.266,0.83,,,48.07,,343.319733,-14.2637,4.7,10.191,3160,0.17,0.38,,113020
Gliese 876,d,1.93785,0.021,0.139,0.02,,,50,,343.319733,-14.2637,4.7,10.191,3160,0.17,0.38,,113020
Gliese 876,e,124.26,0.3343,0.055,0.046,,,,,343.319733,-14.2637,4.7,10.191,3160,0.17,0.38,,113020
HAT-P-11,b,4.8878162,0.053,0.198,0.081,0.422,1.33,88.5,0,297.709351,48.080856,36.36,9.472,4510,0.66,0.88,,97657
HAT-P-2,b,5.6334729,0.06878,0.5171,9.09,1.157,7.29,86.72,,245.151489,41.048084,135.32,8.689,6450,1.29,1.75,147506,80076
HD 100655,b,157.57,0.76,0.085,1.7,,,,,173.76564,20.441545,140.85,6.438,4780,,11.32,100655,56508
HD 100777,b,383.7,1.03,0.36,1.16,,,,,173.964676,-4.755697,52.8,8.418,5340,0.85,1.23,100777,56572
HD 10180,c,5.75979,0.0641,0.045,0.04122,,,,,24.473234,-60.511528,39.39,7.321,5790,1.06,1.23,10180,7599
HD 10180,d,16.3579,0.1286,0.088,0.03697,,,,,24.473234,-60.511528,39.39,7.321,5790,1.06,1.23,10180,7599
HD 10180,e,49.745,0.2699,0.026,0.07898,,,,,24.473234,-60.511528,39.39,7.321,5790,1.06,1.23,10180,7599
HD 10180,f,122.76,0.4929,0.135,0.0752,,,,,24.473234,-60.511528,39.39,7.321,5790,1.06,1.23,10180,7599
HD 10180,g,601.2,1.422,0.19,0.06733,,,,,24.473234,-60.511528,39.39,7.321,5790,1.06,1.23,10180,7599
HD 10180,h,2222,3.4,0.08,0.20263,,,,,24.473234,-60.511528,39.39,7.321,5790,1.06,1.23,10180,7599
HD 101930,b,70.46,0.302,0.11,0.3,,,,,175.875458,-58.006886,30.5,8.216,4990,0.75,0.95,101930,57172
HD 102117,b,20.8079,0.1532,0.106,0.172,,,,,176.210251,-58.703709,42,7.448,5410,0.88,1.47,102117,57291
HD 102195,b,4.113775,,0,0.45,,,,,176.426224,2.821483,28.98,8.062,5200,0.81,0.85,102195,57370
HD 102272,b,127.58,0.614,0.05,5.9,,,,,176.598068,14.123986,164.2,8.711,4880,,4.34,102272,57428
HD 102272,c,520,1.57,0.68,2.6,,,,,176.598068,14.123986,164.2,8.711,4880,,4.34,102272,57428
HD 102329,b,778.1,2.01,0.211,5.9,,,,,176.694351,3.474293,138.5,7.886,4760,,5.8,102329,57467
HD 102365,b,122.1,0.46,0.34,0.05,,,,,176.629471,-40.500355,9.24,4.91,5680,1,0.92,102365,57443
HD 102956,b,6.495,0.081,0.048,0.96,,,,,177.843796,57.640736,121.07,7.851,4900,,4.7,102956,57820
HD 103197,b,47.8,,,0.1,,,,,178.220749,-50.292824,49.33,9.391,5020,0.76,0.87,103197,57931
HD 104067,b,55.806,0.2643,,0.186,,,,,179.791702,-20.353781,20.82,7.92,4880,0.73,0.79,104067,58451
HD 104985,b,198.2,0.78,0.03,6.3,,,,,181.312988,76.905731,102.04,5.8,4830,,10.66,104985,58952
HD 106252,b,1531,2.611,0.482,6.92,,,,,183.372955,10.041638,37.44,7.408,5830,1.08,1.1,106252,59610
HD 106270,b,2890,4.3,0.402,11,,,,,183.40535,-9.513381,87.87,7.577,5430,0.89,2.87,106270,59625
HD 10647,b,1003,2.03,0.16,0.93,,,,,25.622149,-53.740833,17.35,5.519,6140,1.2,1.08,10647,7978
HD 10697,b,1075.2,2.131,0.099,6.21,,,,,26.232603,20.083149,32.56,6.279,5540,0.93,1.84,10697,8159
HD 107148,b,48.056,0.269,0.05,0.21,,,,,184.806213,-3.319789,51.26,8.015,5550,0.93,1.29,107148,60081
HD 108147,b,10.8985,0.102,0.53,0.261,,,,,186.44278,-64.022087,38.56,6.995,6130,1.19,1.22,108147,60644
HD 108863,b,443.4,1.4,0.1,2.6,,,,,187.582962,21.948244,138.5,7.739,4830,,5.92,108863,61020
HD 108874,b,394.48,1.053,0.128,1.34,,,,,187.612015,22.879829,68.54,8.738,5370,0.86,1.35,108874,61028
HD 108874,c,1680,2.77,0.273,1.064,,,,,187.612015,22.879829,68.54,8.738,5370,0.86,1.35,108874,61028
HD 109246,b,68.27,0.33,0.12,0.77,,,,,188.029953,74.489548,65.62,8.757,5670,0.99,1.11,109246,61177
HD 109749,b,5.24,0.0635,0.01,0.28,,,,,189.318237,-40.812115,59.03,8.208,5690,1,1.28,109749,61595
HD 110014,b,835.477,2.14,0.462,11.09,,,,,189.811523,-7.995564,97.66,4.67,4570,,21.91,110014,61740
HD 111232,b,1143,1.97,0.2,6.8,,,,,192.215637,-68.425148,28.88,7.607,5560,0.94,0.88,111232,62534
HD 113538,b,263.3,0.71,0.61,0.27,,,,,196.239487,-52.442924,15.71,9.07,4020,0.56,0.74,113538,63833
HD 113538,c,1657,2.43,0.32,0.71,,,,,196.239487,-52.442924,15.71,9.07,4020,0.56,0.74,113538,63833
HD 114386,b,937.7,1.65,0.23,1.24,,,,,197.665924,-35.054783,28.04,8.715,4690,0.7,0.84,114386,64295
HD 114729,b,1114,2.11,0.167,0.95,,,,,198.184402,-31.873348,35,6.695,5920,1.11,1.38,114729,64459
HD 114762,b,83.888,0.363,0.3359,11.68,,,,,198.08226,17.517122,40.57,7.301,6210,1.22,1.08,114762,64426
HD 114783,b,493.7,1.16,0.144,1.1,,,,,198.182434,-2.26504,20.43,7.563,4990,0.75,0.85,114783,64457
HD 11506,b,1271,2.43,0.22,3.44,,,,,28.210558,-19.506975,53.82,7.513,5910,1.11,1.46,11506,8770
HD 11506,c,170.6,0.639,0.42,0.82,,,,,28.210558,-19.506975,53.82,7.513,5910,1.11,1.46,11506,8770
HD 116029,b,670.2,1.73,0.21,2.1,,,,,200.164764,24.648699,110.62,7.871,4790,,4.57,116029,65117
HD 117207,b,2597,3.79,0.144,1.88,,,,,202.337967,-35.570995,33.01,7.247,5450,0.89,1.25,117207,65808
HD 117618,b,25.827,0.176,0.42,0.178,,,,,203.106476,-47.271362,38.02,7.169,5890,1.11,1.22,117618,66047
HD 118203,b,6.1335,0.07,0.309,2.13,,,,,203.510574,53.728531,88.57,8.057,5590,0.95,2.15,118203,66192
HD 11964,b,1945,3.16,0.041,0.622,,,,,29.290026,-10.242428,33.98,6.41,5230,0.82,2.11,11964,9094
HD 11964,c,37.91,0.229,0.3,0.0788,,,,,29.290026,-10.242428,33.98,6.41,5230,0.82,2.11,11964,9094
HD 11977,b,711,1.93,0.4,6.54,,,,,28.733881,-67.647301,66.49,4.69,4940,,10.77,11977,8928
HD 121504,b,63.33,0.33,0.03,1.22,,,,,209.321823,-56.040043,44.37,7.517,5880,1.1,1.22,121504,68162
HD 122430,b,344.95,1.02,0.68,3.71,,,,,210.594925,-27.429773,133.16,5.469,4140,,28.97,122430,68581
HD 125595,b,9.6737,0.0809,,0.0413,,,,,215.346603,-40.393948,27.45,9,4640,0.69,0.75,125595,70170
HD 125612,b,559.4,1.37,0.46,3,,,,,215.222977,-17.481522,52.83,8.317,5840,1.09,1.02,125612,70123
HD 125612,c,4.1547,0.05,0.27,0.058,,,,,215.222977,-17.481522,52.83,8.317,5840,1.09,1.02,125612,70123
HD 125612,d,3008,4.2,0.28,7.2,,,,,215.222977,-17.481522,52.83,8.317,5840,1.09,1.02,125612,70123
HD 126525,b,948.12,1.8105,0.13,0.224,,,,,216.887375,-51.933086,38.05,7.84,5560,0.94,1.04,126525,70695
HD 12661,b,262.709,0.831,0.3768,2.3,,,,,31.142866,25.414305,37.16,7.425,5470,0.9,1.28,12661,9683
HD 12661,c,1708,2.9,0.031,1.92,,,,,31.142866,25.414305,37.16,7.425,5470,0.9,1.28,12661,9683
HD 126614,b,1244,2.35,0.41,0.38,,,,,216.701172,-5.17778,68.35,8.788,5100,0.78,1.52,126614,70623
HD 128311,b,454.2,1.086,0.345,1.45,,,,,219.002335,9.746518,16.57,7.487,4860,0.73,0.78,128311,71395
HD 128311,c,923.8,1.745,0.23,3.24,,,,,219.002335,9.746518,16.57,7.487,4860,0.73,0.78,128311,71395
HD 129445,b,1840,2.9,0.7,1.6,,,,,221.512772,-68.762749,67.61,8.787,5310,0.84,1.35,129445,72203
HD 130322,b,10.7085,0.0896,0.011,1.04,,,,,221.886368,-0.281476,29.76,8.031,5290,0.84,0.85,130322,72339
HD 131496,b,883,2.09,0.163,2.2,,,,,223.345947,18.235401,121.36,7.799,4790,,5.19,131496,72845
HD 131664,b,1951,3.17,0.638,18.15,,,,,225.025314,-73.535339,57.21,8.128,5590,0.95,1.35,131664,73408
HD 13189,b,471.6,1.85,0.27,14,,,,,32.417381,32.316437,300.3,7.556,3960,,30.18,13189,10085
HD 132406,b,974,1.98,0.34,5.61,,,,,224.227707,53.382168,70.97,8.467,5780,1.05,1.31,132406,73146
HD 132563,b,1544,2.62,0.22,1.49,,,,,224.589661,44.043148,98.52,8.928,6110,1.19,1.29,132563,73261
HD 134060,b,3.27,0.0444,0.4,0.0351,,,,,227.686432,-61.422321,24.15,6.3,5780,1.05,1.21,134060,74273
HD 134060,c,1160.9,2.2263,0.75,0.1507,,,,,227.686432,-61.422321,24.15,6.3,5780,1.05,1.21,134060,74273
HD 134606,b,12.083,0.1023,0.15,0.0292,,,,,228.812683,-70.519623,26.91,6.854,5400,0.87,1.25,134606,74653
HD 134606,c,59.519,0.2962,0.29,0.0382,,,,,228.812683,-70.519623,26.91,6.854,5400,0.87,1.25,134606,74653
HD 134606,d,459.26,1.1567,0.46,0.121,,,,,228.812683,-70.519623,26.91,6.854,5400,0.87,1.25,134606,74653
HD 134987,b,258.19,0.81,0.233,1.59,,,,,228.369446,-25.309347,25.65,6.45,5560,0.94,1.33,134987,74500
HD 134987,c,5000,5.8,0.12,0.82,,,,,228.369446,-25.309347,25.65,6.45,5560,0.94,1.33,134987,74500
HD 136352,b,11.577,0.0933,0.18,0.0166,,,,,230.450623,-48.317627,14.56,5.65,5720,1.02,1.01,136352,75181
HD 136352,c,27.582,0.1665,0.16,0.0358,,,,,230.450623,-48.317627,14.56,5.65,5720,1.02,1.01,136352,75181
HD 136352,d,106.72,0.411,0.43,0.03,,,,,230.450623,-48.317627,14.56,5.65,5720,1.02,1.01,136352,75181
HD 136418,b,464.3,1.32,0.255,2,,,,,229.775757,41.733208,106.38,7.879,4970,,3.9,136418,74961
HD 137388,b,330,0.89,0.36,0.223,,,,,233.916367,-80.20459,38.45,8.696,5060,0.77,0.92,137388,76351
HD 13808,b,14.182,0.1017,0.17,0.0325,,,,,33.178856,-53.743893,28.6,8.381,5160,0.8,0.74,13808,10301
HD 13808,c,53.832,0.2476,0.43,0.036,,,,,33.178856,-53.743893,28.6,8.381,5160,0.8,0.74,13808,10301
HD 13931,b,4218,5.15,0.02,1.88,,,,,34.197414,43.772995,45.52,7.597,5740,1.04,1.28,13931,10626
HD 139357,b,1125.7,2.36,0.1,9.76,,,,,233.81749,53.922142,121.36,5.964,4490,,15.03,139357,76311
HD 141937,b,653.22,1.52,0.41,9.7,,,,,238.07312,-18.436066,33.46,7.25,5810,1.07,1.07,141937,77740
HD 142,b,350.3,1.045,0.26,1.31,,,,,1.579898,-49.075191,25.64,5.7,6200,1.22,1.43,142,522
HD 142022 A,b,1928,3.03,0.53,5.1,,,,,242.562592,-84.231613,35.87,7.655,5280,0.83,1.22,142022,79242
HD 142245,b,1299,2.77,0.32,1.9,,,,,238.234497,15.430708,106.38,7.452,4760,,5.44,142245,77783
HD 142415,b,386.3,1.05,0.5,1.62,,,,,239.419968,-60.200256,34.57,7.327,5780,1.05,1.08,142415,78169
HD 143361,b,1057,2,0.15,3.12,,,,,240.459778,-44.434536,59.35,9.225,5280,0.83,0.98,143361,78521
HD 145377,b,103.95,0.45,0.307,5.76,,,,,242.901855,-27.078173,55.19,8.095,5750,1.04,1.23,145377,79346
HD 145457,b,176.3,0.76,0.112,2.9,,,,,242.516312,26.74275,126.1,6.566,4760,,9.69,145457,79219
HD 1461,b,5.7727,0.063438,0.14,0.024,,,,,4.674448,-8.053001,23.44,6.46,5620,0.97,1.17,1461,1499
HD 1461,c,13.505,0.1117,0,0.0186,,,,,4.674448,-8.053001,23.44,6.46,5620,0.97,1.17,1461,1499
HD 147018,b,44.236,0.2388,0.4686,2.12,,,,,245.75061,-61.688763,42.68,8.301,5350,0.85,1.04,147018,80250
HD 147018,c,1008,1.922,0.133,6.56,,,,,245.75061,-61.688763,42.68,8.301,5350,0.85,1.04,147018,80250
HD 147513,b,528.4,1.32,0.26,1.21,,,,,246.005371,-39.192982,12.87,5.39,5820,1.07,0.97,147513,80337
HD 148156,b,1027,2.45,0.52,0.85,,,,,247.072006,-46.317623,53.05,7.689,6010,1.15,1.28,148156,80680
HD 148427,b,331.5,0.93,0.16,0.96,,,,,247.117294,-13.39964,59.28,6.895,4940,,3.48,148427,80687
HD 149026,b,2.8758911,0.04288,0,0.368,0.813,0.85,88,,247.623413,38.347309,78.86,8.137,6160,1.35,1.54,149026,80838
HD 149143,b,4.072,0.053,0.016,1.33,,,,,248.212708,2.084832,63.49,7.893,5660,0.99,1.61,149143,81022
HD 149382,b,2.391,,0,15.5,,,39,,248.597229,-4.014449,76.51,,,,,149382,81145
HD 1502,b,431.8,1.31,0.101,3.1,,,,,4.82111,14.054755,167.5,8.342,4950,,5.02,1502,1547
HD 150433,b,1096.2,1.9303,0,0.168,,,,,250.284225,-2.857277,29.55,7.21,5750,1.04,0.99,150433,81681
HD 152079,b,2097,3.2,0.6,3,,,,,253.373901,-46.332958,85.18,9.156,5410,0.88,1.36,152079,82632
HD 152581,b,689,1.48,0.22,1.5,,,,,253.431595,11.973746,182.82,8.347,5040,,5.17,152581,82651
HD 153950,b,499.4,1.28,0.34,2.73,,,,,256.128632,-43.309769,51.87,7.39,6070,1.18,1.4,153950,83547
HD 154088,b,18.596,0.1316,0.38,0.0193,,,,,256.116028,-28.582678,18.08,6.58,5210,0.81,1.05,154088,83541
HD 154345,b,3342,4.19,0.044,0.947,,,,,255.651688,47.081882,18.06,6.769,5430,0.89,0.86,154345,83389
HD 154672,b,163.9,0.6,0.61,5.02,,,,,257.520477,-56.449268,65.79,8.204,5530,0.93,1.54,154672,83983
HD 154857,b,409,1.2,0.47,1.8,,,,,257.815521,-56.680798,68.54,7.238,5570,0.94,2.45,154857,84069
HD 155358,b,194.3,0.64,0.17,0.85,,,,,257.394226,33.355854,43.4,7.27,6180,1.21,1.19,155358,83949
HD 155358,c,391.9,1.02,0.16,0.82,,,,,257.394226,33.355854,43.4,7.27,6180,1.21,1.19,155358,83949
HD 156279,b,131.05,0.495,0.708,9.71,,,,,258.09668,63.352093,35.37,8.077,5270,0.83,1,156279,84171
HD 156411,b,842,,,0.75,,,,,259.964172,-48.54932,55.1,6.673,5890,1.11,2.22,156411,84787
HD 156668,b,4.6455,0.05,0,0.013,,,,,259.418701,29.227226,24.05,8.424,4840,0.72,0.74,156668,84607
HD 156846,b,359.5546,1.096,0.84785,10.57,,,,,260.142944,-19.333746,49,6.52,5960,1.13,2.06,156846,84856
HD 157172,b,104.84,0.416,0.46,0.12,,,,,260.644012,-19.61618,33.48,7.859,5340,0.85,1.01,157172,85017
HD 158038,b,521,1.52,0.291,1.8,,,,,261.439301,27.303341,114.15,7.464,4740,,5.88,158038,85294
HD 159868,b,986,2,0.69,1.7,,,,,264.748016,-43.145515,52.72,7.242,5510,0.92,1.94,159868,86375
HD 160691,b,643.25,1.497,0.128,1.676,,,,,266.036255,-51.834053,15.28,5.15,5560,0.94,1.44,160691,86796
HD 160691,c,4205.8,5.235,0.0985,1.814,,,,,266.036255,-51.834053,15.28,5.15,5560,0.94,1.44,160691,86796
HD 160691,d,9.6386,0.09094,0.172,0.03321,,,,,266.036255,-51.834053,15.28,5.15,5560,0.94,1.44,160691,86796
HD 160691,e,310.55,0.921,0.0666,0.5219,,,,,266.036255,-51.834053,15.28,5.15,5560,0.94,1.44,160691,86796
HD 16141,b,75.523,0.363,0.252,0.26,,,,,38.833035,-3.560602,35.91,6.818,5620,0.97,1.52,16141,12048
HD 16175,b,990,2.1,0.59,4.4,,,,,39.257961,42.062634,59.84,7.282,5740,1.03,1.94,16175,12191
HD 162020,b,8.428198,0.074,0.277,14.4,,,,,267.659821,-40.318348,31.26,9.118,4870,0.73,0.69,162020,87330
HD 163607,b,75.229,0.36,0.73,0.77,,,,,268.418732,56.391956,69.44,7.979,5330,0.85,1.99,163607,87601
HD 163607,c,1314,2.42,0.12,2.29,,,,,268.418732,56.391956,69.44,7.979,5330,0.85,1.99,163607,87601
HD 16417,b,17.24,0.14,0.2,0.0696,,,,,39.244198,-34.577976,25.54,5.79,5680,1,1.69,16417,12186
HD 164509,b,282.4,0.875,0.26,0.48,,,,,270.380127,0.104556,51.81,8.103,5820,1.07,1.11,164509,88268
HD 164604,b,606.4,1.3,0.24,2.7,,,,,270.7789,-28.560644,37.98,9.827,4580,0.7,0.79,164604,88414
HD 164922,b,1155,2.11,0.05,0.36,,,,,270.628601,26.313002,21.92,6.99,5230,0.82,1.04,164922,88348
HD 167042,b,412.6,1.3,0.027,1.7,,,,,272.631836,54.286552,50,5.94,4960,,4.5,167042,89047
HD 16760,b,465.1,1.13,0.067,14.3,,,,,40.58881,38.618668,50.18,8.765,5590,0.95,0.88,16760,12638
HD 168443,b,58.11289,0.3,0.5286,8.02,,,,,275.016388,-9.595722,37.88,6.917,5460,0.9,1.66,168443,89844
HD 168443,c,1749.5,2.91,0.212,18.1,,,,,275.016388,-9.595722,37.88,6.917,5460,0.9,1.66,168443,89844
HD 168746,b,6.403,0.065,0.081,0.23,,,,,275.457428,-11.922684,43.12,7.946,5500,0.91,1.15,168746,90004
HD 1690,b,533,1.3,0.64,6.1,,,,,5.305497,-8.281169,7.01,9.173,4170,,0.27,1690,1692
HD 169830,b,225.62,0.81,0.31,2.88,,,,,276.956177,-29.816866,36.32,5.902,6260,1.24,1.81,169830,90485
HD 169830,c,2102,3.6,0.33,4.04,,,,,276.956177,-29.816866,36.32,5.902,6260,1.24,1.81,169830,90485
HD 170469,b,1145,2.1,0.11,0.67,,,,,277.295746,11.695502,64.98,8.176,5610,0.96,1.48,170469,90593
HD 171238,b,1523,2.54,0.4,2.6,,,,,278.681976,-28.072313,44.05,8.652,5390,0.87,0.9,171238,91085
HD 17156,b,21.21663,0.1614,0.6819,3.191,1.087,3.78,86.89,,42.435364,71.753235,78.25,8.162,6100,1.27,1.5,17156,13192
HD 173416,b,323.6,1.16,0.21,2.7,,,,,280.900452,36.556606,134.95,6.037,4740,,13.45,173416,91852
HD 175167,b,1290,2.4,0.54,7.8,,,,,285.003479,-69.944244,67.02,8,5330,0.85,1.9,175167,93281
HD 175541,b,297.3,1.03,0.33,0.61,,,,,283.920349,4.265325,127.55,8.01,5050,0.77,4.19,175541,92895
HD 176051,b,1016,,,1.5,,,,,284.256714,32.901272,14.98,5.278,6060,1.18,1.07,176051,93017
HD 177830,b,406.6,1.2218,0.009,1.49,,,,,286.336548,25.92066,59.03,7.177,4670,,3.65,177830,93746
HD 177830,c,110.9,0.5137,0.3,0.15,,,,,286.336548,25.92066,59.03,7.177,4670,,3.65,177830,93746
HD 178911 B,b,71.487,0.32,0.1243,6.292,,,,,287.262939,34.59985,46.73,7.792,5400,0.88,1.4,178911,94075
HD 179079,b,14.476,0.11,0.115,0.08,,,,,287.790955,-2.638385,63.69,7.959,5540,0.93,1.66,179079,94256
HD 179949,b,3.0925,0.045,0.022,0.95,,,,,288.888458,-24.179352,27.05,6.245,6120,1.19,1.21,179949,94645
HD 180902,b,479,1.39,0.09,1.6,,,,,289.823792,-23.558155,114.55,7.778,4980,,4.37,180902,94951
HD 181342,b,663,1.78,0.177,3.3,,,,,290.267639,-23.619572,115.47,7.551,4820,,5.42,181342,95124
HD 181433,b,9.3743,0.08,0.396,0.0238,,,,,291.289856,-66.468796,26.15,8.4,4770,0.71,0.86,181433,95467
HD 181433,c,962,1.76,0.28,0.64,,,,,291.289856,-66.468796,26.15,8.4,4770,0.71,0.86,181433,95467
HD 181433,d,2172,3,0.48,0.54,,,,,291.289856,-66.468796,26.15,8.4,4770,0.71,0.86,181433,95467
HD 181720,b,956,,,0.37,,,,,290.720764,-32.919056,55.93,7.849,5950,1.12,1.28,181720,95262
HD 183263,b,634.23,1.52,0.38,3.69,,,,,292.102386,8.358054,52.83,7.861,5710,1.02,1.33,183263,95740
HD 183263,c,2950,4.25,0.253,3.82,,,,,292.102386,8.358054,52.83,7.861,5710,1.02,1.33,183263,95740
HD 185269,b,6.838,0.077,0.3,0.94,,,,,294.29892,28.499865,47.37,6.669,5900,1.11,1.91,185269,96507
HD 187085,b,986,2.05,0.47,0.75,,,,,297.391541,-37.780552,44.98,7.214,6010,1.16,1.35,187085,97546
HD 187123,b,3.097,0.042,0.03,0.52,,,,,296.742126,34.419525,47.92,7.832,5700,1,1.23,187123,97336
HD 187123,c,3810,4.89,0.252,1.99,,,,,296.742126,34.419525,47.92,7.832,5700,1,1.23,187123,97336
HD 18742,b,772,1.92,0.23,2.7,,,,,45.044407,-20.802603,127.88,7.814,5000,0.76,4.74,18742,13993
HD 188015,b,456.46,1.19,0.15,1.26,,,,,298.018921,28.100376,52.63,8.234,5500,0.91,1.23,188015,97769
HD 189567,b,14.275,0.1099,0.23,0.0316,,,,,301.386505,-67.3209,17.72,6.07,5750,1.04,1,189567,98959
HD 189733,b,2.21857578,0.03142,0,1.15,1.151,1.004,85.78,,300.182129,22.710854,19.25,7.676,5040,0.84,0.75,189733,98505
HD 190228,b,1127,2.31,0.43,4.99,,,,,300.753235,28.306856,62.11,7.296,5280,0.83,2.49,190228,98714
HD 190360,b,2891,3.92,0.36,1.502,,,,,300.905853,29.896805,15.89,5.7,5500,0.91,1.19,190360,98767
HD 190360,c,17.1,0.128,0.01,0.057,,,,,300.905853,29.896805,15.89,5.7,5500,0.91,1.19,190360,98767
HD 190647,b,1038.1,2.07,0.18,1.9,,,,,301.83197,-35.538631,54.23,7.775,5380,0.86,1.66,190647,99115
HD 190984,b,4885,,,3.1,,,,,302.877991,-64.620468,189.39,8.761,6060,1.18,2.73,190984,99496
HD 192263,b,24.348,0.15,0,0.72,,,,,303.499359,-0.866877,19.89,7.768,4930,0.74,0.79,192263,99711
HD 192310,b,74.72,0.32,0.13,0.05318,,,,,303.822449,-27.032976,8.82,5.73,5090,0.78,0.81,192310,99825
HD 192310,c,525.8,1.18,0.32,0.07552,,,,,303.822449,-27.032976,8.82,5.73,5090,0.78,0.81,192310,99825
HD 192699,b,351.5,1.16,0.149,2.5,,,,,304.025024,4.580795,67.39,6.446,5120,0.79,4.37,192699,99894
HD 195019,b,18.20163,0.1388,0.014,3.7,,,,,307.077637,18.769497,37.35,6.892,5670,0.99,1.5,195019,100970
HD 196050,b,1289,2.5,0.28,3,,,,,309.465454,-60.634483,46.93,7.493,5660,0.98,1.43,196050,101806
HD 196885,b,1333,2.37,0.48,2.58,,,,,309.966156,11.249649,32.99,6.386,6130,1.19,1.38,196885,101966
HD 197037,b,1035.7,2.07,0.22,0.79,,,,,309.887329,42.24855,32.83,6.813,6290,1.25,1.06,197037,101948
HD 19994,b,535.7,1.42,0.3,1.68,,,,,48.193485,-1.196101,22.38,5.06,6000,1.15,1.82,19994,14954
HD 20003,b,11.849,0.0974,0.4,0.0378,,,,,46.907997,-72.321892,43.08,8.367,5350,0.85,1.02,20003,14530
HD 20003,c,33.823,0.1961,0.16,0.0422,,,,,46.907997,-72.321892,43.08,8.367,5350,0.85,1.02,20003,14530
HD 200964,b,630.6,1.71,0.111,1.9,,,,,316.666016,3.803119,68.35,6.487,5070,0.77,4.48,200964,104202
HD 200964,c,829,2.03,0.113,1.3,,,,,316.666016,3.803119,68.35,6.487,5070,0.77,4.48,200964,104202
HD 202206,b,255.87,0.83,0.435,17.4,,,,,318.740692,-20.789209,46.34,8.071,5500,0.91,1.17,202206,104903
HD 202206,c,1383.4,2.55,0.267,2.44,,,,,318.740692,-20.789209,46.34,8.071,5500,0.91,1.17,202206,104903
HD 20367,b,500,1.25,0.23,1.07,,,,,49.416859,31.127048,27.13,6.399,6030,1.17,1.17,20367,15323
HD 2039,b,1183,2.2,0.67,4.9,,,,,6.084491,-56.650047,89.85,8.987,5680,0.99,1.37,2039,1931
HD 204313,b,1931,3.082,0.131,4.05,,,,,322.050873,-21.726255,47.3,8.02,5630,0.97,1.15,204313,106006
HD 204313,c,34.873,0.2103,0.17,0.054,,,,,322.050873,-21.726255,47.3,8.02,5630,0.97,1.15,204313,106006
HD 204941,b,1733,2.56,0.37,0.266,,,,,323.097961,-20.957422,26.95,8.42,5010,0.76,0.75,204941,106353
HD 205739,b,279.8,0.896,0.27,1.37,,,,,324.535034,-31.737484,90.33,8.544,6090,1.18,1.42,205739,106824
HD 206610,b,610,1.68,0.229,2.2,,,,,325.85376,-7.408253,170.07,8.346,4780,,5.68,206610,107251
HD 20781,b,29.15,0.169,0.11,0.0379,,,,,50.01226,-28.783834,35.89,8.443,5230,0.82,0.87,20781,15526
HD 20781,c,85.131,0.3456,0.28,0.0496,,,,,50.01226,-28.783834,35.89,8.443,5230,0.82,0.87,20781,15526
HD 20782,b,591.9,1.381,0.97,1.9,,,,,50.014908,-28.854071,36.02,7.367,5770,1.05,1.11,20782,15527
HD 207832,b,161.97,0.57,0.13,0.56,,,,,328.151184,-26.02656,55.31,8.786,5710,0.94,0.9,207832,107985
HD 207832,c,1155.7,2.112,0.27,0.73,,,,,328.151184,-26.02656,55.31,8.786,5710,0.94,0.9,207832,107985
HD 20794,b,18.315,0.1207,0,0.0085,,,,,49.981876,-43.069782,6.06,4.27,5530,,0.87,20794,15510
HD 20794,c,40.114,0.2036,0,0.00755,,,,,49.981876,-43.069782,6.06,4.27,5530,,0.87,20794,15510
HD 20794,d,90.309,0.3499,0,0.0151,,,,,49.981876,-43.069782,6.06,4.27,5530,,0.87,20794,15510
HD 208487,b,123,0.49,0.32,0.45,,,,,329.332703,-37.763622,43.99,7.471,6070,1.18,1.14,208487,108375
HD 20868,b,380.85,0.947,0.75,1.99,,,,,50.177895,-33.730103,44.5,9.928,4590,0.68,0.82,20868,15578
HD 209458,b,3.52474859,0.04747,0,0.714,1.38,0.362,86.59,,330.794891,18.884319,47.08,7.632,6065,1.15,1.16,209458,108859
HD 210277,b,442.1,1.1,0.472,1.23,,,,,332.374451,-7.548654,21.29,6.53,5410,0.88,1.14,210277,109378
HD 210702,b,354.8,1.2,0.094,1.9,,,,,332.963867,16.04055,55.93,5.95,4967,1.68,5.1,210702,109577
HD 212301,b,2.445715,0.036,0,0.45,,,,,336.878845,-77.717926,52.72,7.764,6080,1.18,1.19,212301,110852
HD 212771,b,373.3,1.22,0.111,2.3,,,,,336.762787,-17.263659,121.8,7.596,5080,0.78,4.76,212771,110813
HD 213240,b,951,2.03,0.45,4.5,,,,,337.751526,-49.43327,40.75,6.814,5850,1.09,1.57,213240,111143
HD 215152,b,7.2825,0.0652,0.34,0.0087,,,,,340.838745,-6.400821,21.52,8.13,4860,0.73,0.75,215152,112190
HD 215152,c,10.866,0.0852,0.38,0.0097,,,,,340.838745,-6.400821,21.52,8.13,4860,0.73,0.75,215152,112190
HD 215456,b,191.99,0.652,0.15,0.101,,,,,341.533478,-48.978821,38.64,6.629,5760,1.05,1.68,215456,112414
HD 215456,c,2277,3.394,0.19,0.246,,,,,341.533478,-48.978821,38.64,6.629,5760,1.05,1.68,215456,112414
HD 215497,b,3.93,,,0.017,,,,,341.653137,-56.599533,43.53,8.95,4910,0.74,1.01,215497,112441
HD 215497,c,567,,,0.33,,,,,341.653137,-56.599533,43.53,8.95,4910,0.74,1.01,215497,112441
HD 216435,b,1311,2.56,0.07,1.26,,,,,343.408051,-48.598286,33.29,6.04,5820,1.07,1.85,216435,113044
HD 216437,b,1294,2.7,0.34,2.1,,,,,343.66452,-70.073708,26.52,6.05,5680,1,1.56,216437,113137
HD 216770,b,118.45,0.46,0.37,0.65,,,,,343.973785,-26.658764,37.89,8.094,5170,0.8,1.12,216770,113238
HD 21693,b,22.656,0.1484,0.26,0.0322,,,,,51.80201,-58.323681,32.31,7.94,5350,0.85,0.93,21693,16085
HD 21693,c,53.881,0.2644,0.24,0.06472,,,,,51.80201,-58.323681,32.31,7.94,5350,0.85,0.93,21693,16085
HD 217107,b,7.12689,0.073,0.132,1.33,,,,,344.564758,-2.395385,19.72,6.16,5440,0.89,1.23,217107,113421
HD 217107,c,4210,5.27,0.517,2.49,,,,,344.564758,-2.395385,19.72,6.16,5440,0.89,1.23,217107,113421
HD 217786,b,1319,2.38,0.4,13,,,,,345.78418,-0.429622,54.92,7.779,5960,1.12,1.29,217786,113834
HD 218566,b,225.7,0.6873,0.3,0.21,,,,,347.294708,-2.260742,29.94,8.628,4820,0.72,0.86,218566,114322
HD 219449,b,182,0.3,,2.9,,,,,348.9729,-9.087737,45.52,4.25,4580,,12.32,219449,114855
HD 219828,b,3.8335,0.052,0,0.066,,,,,349.694733,18.64572,81.1,8.008,5660,0.99,1.95,219828,115100
HD 220773,b,3724.7,4.94,0.51,1.45,,,,,351.614349,8.643845,48.43,7.096,5840,1.09,1.64,220773,115697
HD 221287,b,456.1,1.25,0.08,3.09,,,,,352.834747,-58.209732,52.88,7.807,6260,1.24,1.1,221287,116084
HD 222582,b,572.38,1.35,0.725,7.75,,,,,355.464722,-5.985757,41.95,7.691,5720,1.02,1.14,222582,116906
HD 224693,b,26.73,0.233,0.05,0.71,,,,,359.974304,-22.428114,94.07,8.216,5700,1,2.02,224693,118319
HD 22781,b,528.07,1.167,0.8191,13.65,,,,,55.206356,31.82629,31.79,8.766,5130,0.79,0.7,22781,17187
HD 23079,b,738.459,1.65,0.1,2.61,,,,,54.929562,-52.915836,34.6,7.105,5960,1.13,1.11,23079,17096
HD 23127,b,1214,2.4,0.44,1.5,,,,,54.848495,-60.077843,89.13,8.55,5540,0.93,1.77,23127,17054
HD 231701,b,141.6,0.53,0.1,1.08,,,,,293.017334,16.474291,108.46,8.97,6210,1.22,1.34,231701,96078
HD 23596,b,1558,2.72,0.314,7.19,,,,,57.001556,40.530636,51.97,7.244,5860,1.1,1.63,23596,17747
HD 240237,b,745.7,1.9,0.4,5.3,,,,,348.925934,58.04324,307.69,,,,,240237,114840
HD 25171,b,1845,3.02,0.08,0.95,,,,,58.956001,-65.186676,56.05,7.778,6210,1.22,1.2,25171,18387
HD 2638,b,3.4442,0.044,0,0.48,,,,,7.499466,-5.764002,53.71,9.375,4930,0.74,1.01,2638,2350
HD 27442,b,423.841,1.18,0.07,1.28,,,,,64.120956,-59.302155,18.24,4.44,4540,,4.65,27442,19921
HD 27894,b,17.991,0.122,0.049,0.62,,,,,65.19603,-59.410835,42.37,9.349,4760,0.71,0.9,27894,20277
HD 28185,b,383,1.03,0.07,5.7,,,,,66.609673,-10.550821,39.56,7.81,5510,0.92,1.12,28185,20723
HD 28254,b,1117,,,1.16,,,,,66.211273,-50.622192,56.18,7.684,5400,0.87,1.78,28254,20606
HD 285968,b,8.7836,0.066,0,0.0265,,,,,70.732407,18.958172,9.42,9.98,3500,0.44,0.51,285968,21932
HD 28678,b,387.1,1.24,0.168,1.7,,,,,67.856056,4.575287,168.92,8.44,4850,0.73,5.15,28678,21109
HD 290327,b,2443,,,2.54,,,,,80.839851,-2.277619,54.92,8.944,5310,0.84,1.02,290327,25191
HD 30177,b,2819.654,3.86,0.3,9.17,,,,,70.476555,-58.020756,54.71,8.374,5260,0.83,1.35,30177,21850
HD 30562,b,1157,2.3,0.76,1.29,,,,,72.151604,-5.674045,26.5,5.78,5820,1.07,1.66,30562,22336
HD 30856,b,912,2,0.24,1.8,,,,,72.574425,-24.368839,121.07,7.911,4920,,4.5,30856,22491
HD 31253,b,466,1.26,0.3,0.5,,,,,73.681892,12.352201,53.82,7.133,5960,1.13,1.71,31253,22826
HD 31527,b,16.546,0.1253,0.13,0.0363,,,,,73.909927,-23.24188,38.01,7.484,5930,1.12,1.04,31527,22905
HD 31527,c,51.284,0.2665,0.11,0.0498,,,,,73.909927,-23.24188,38.01,7.484,5930,1.12,1.04,31527,22905
HD 31527,d,274.49,0.8181,0.38,0.0519,,,,,73.909927,-23.24188,38.01,7.484,5930,1.12,1.04,31527,22905
HD 32518,b,157.54,0.59,0.01,3.04,,,,,77.403,69.639404,117.37,6.421,4640,,10.51,32518,24003
HD 330075,b,3.369,0.043,0,0.76,,,,,237.407043,-49.963524,50.2,9.334,5050,0.77,0.9,330075,77517
HD 33142,b,326.6,1.06,0.22,1.3,,,,,76.898087,-13.98648,136.8,7.956,4950,,4.9,33142,23844
HD 33283,b,18.179,0.168,0.48,0.33,,,,,77.004219,-26.797472,86.88,8.051,5810,1.06,1.92,33283,23889
HD 33564,b,388,1.1,0.34,9.1,,,,,80.639717,79.231148,20.98,5.084,6370,1.27,1.47,33564,25110
HD 34445,b,1049,2.07,0.27,0.79,,,,,79.420746,7.353343,45.01,7.328,5750,1.04,1.43,34445,24681
HD 3651,b,62.218,0.295,0.596,0.229,,,,,9.840858,21.250473,11.11,5.86,5160,0.8,0.92,3651,3093
HD 37124,b,154.46,0.53,0.055,0.61,,,,,84.260361,20.730787,33.24,7.65,5580,0.94,0.98,37124,26381
HD 37124,c,2295,3.19,0.2,0.683,,,,,84.260361,20.730787,33.24,7.65,5580,0.94,0.98,37124,26381
HD 37124,d,843.6,1.64,0.14,0.624,,,,,84.260361,20.730787,33.24,7.65,5580,0.94,0.98,37124,26381
HD 37605,b,55,0.25,0.677,2.3,,,,,85.00721,6.060579,42.88,8.661,5130,0.79,1,37605,26664
HD 38529,b,14.309,0.129,0.29,0.78,,,,,86.64547,1.168193,42.43,5.95,5330,,3.09,38529,27253
HD 38529,c,2174.3,3.68,0.36,12.7,,,,,86.64547,1.168193,42.43,5.95,5330,,3.09,38529,27253
HD 38801,b,696.3,1.7,0,10.7,,,,,86.996567,-8.3277,99.4,8.269,5100,0.78,2.81,38801,27384
HD 38858,b,407.15,1.0376,0.27,0.0961,,,,,87.145584,-4.094648,15.56,5.97,5750,1.04,0.92,38858,27435
HD 39091,b,2063.818,3.29,0.62,10.35,,,,,84.291214,-80.469124,18.21,5.65,5890,1.11,1.18,39091,26394
HD 39194,b,5.6363,0.0519,0.2,0.0117,,,,,86.132996,-70.14357,25.59,8.075,5390,0.87,0.68,39194,27080
HD 39194,c,14.025,0.0954,0.11,0.0187,,,,,86.132996,-70.14357,25.59,8.075,5390,0.87,0.68,39194,27080
HD 39194,d,33.941,0.172,0.2,0.0162,,,,,86.132996,-70.14357,25.59,8.075,5390,0.87,0.68,39194,27080
HD 40307,b,4.3115,0.047,0,0.0132,,,,,88.51767,-60.023472,12.83,7.15,4920,0.74,0.68,40307,27887
HD 40307,c,9.62,0.081,0,0.0216,,,,,88.51767,-60.023472,12.83,7.15,4920,0.74,0.68,40307,27887
HD 40307,d,20.46,0.134,0,0.0288,,,,,88.51767,-60.023472,12.83,7.15,4920,0.74,0.68,40307,27887
HD 40979,b,267.2,0.811,0.23,3.32,,,,,91.124763,44.260445,33.33,6.735,6050,1.17,1.23,40979,28767
HD 41004 A,b,963,1.64,0.39,2.54,,,,,89.956871,-48.239693,43.03,8.621,5130,0.79,1.02,41004,28393
HD 41004 B,b,1.3283,0.0177,0.081,18.37,,,,,89.956886,-48.239841,43.03,,,,,41004,28393
HD 4113,b,526.62,1.28,0.903,1.56,,,,,10.802486,-37.982632,44.05,7.881,5480,0.91,1.22,4113,3391
HD 4203,b,431.88,1.164,0.519,2.07,,,,,11.171676,20.448927,77.82,8.687,5390,0.87,1.56,4203,3502
HD 4208,b,829,1.7,0.04,0.8,,,,,11.111043,-26.51568,32.7,7.783,5630,0.97,0.89,4208,3479
HD 4308,b,15.609,0.118,0.27,0.0405,,,,,11.163615,-65.649521,21.85,6.56,5720,1.02,1,4308,3497
HD 4313,b,356,1.19,0.041,2.3,,,,,11.41816,7.845021,131.41,7.822,4910,,5.13,4313,3574
HD 43197,b,327.8,,,0.6,,,,,93.39859,-29.89727,54.94,8.953,5200,0.81,1.08,43197,29550
HD 43691,b,36.96,0.24,0.14,2.49,,,,,94.894485,41.092304,93.2,8.024,6010,1.15,1.92,43691,30057
HD 43848,b,2371,3.4,0.69,25,,,,,94.130676,-40.53186,37.05,8.595,4910,0.74,1.01,43848,29804
HD 44219,b,472,,,0.58,,,,,95.059677,-10.725009,50.43,7.698,5680,0.99,1.39,44219,30114
HD 45184,b,5.8872,0.0638,0.3,0.04,,,,,96.182831,-28.780113,22.04,6.39,5820,1.07,1.04,45184,30503
HD 45350,b,890.76,1.92,0.778,1.79,,,,,97.19046,38.962963,48.95,7.885,5430,0.88,1.39,45350,30860
HD 45364,b,226.93,0.6813,0.1684,0.1872,,,,,96.410316,-31.480953,32.58,8.062,5400,0.88,0.86,45364,30579
HD 45364,c,342.85,0.8972,0.0974,0.6579,,,,,96.410316,-31.480953,32.58,8.062,5400,0.88,0.86,45364,30579
HD 45652,b,43.6,0.23,0.38,0.47,,,,,97.304962,10.933891,36.14,8.127,5190,0.81,1.04,45652,30905
HD 46375,b,3.024,0.041,0.04,0.249,,,,,98.302597,5.462925,33.41,7.912,5080,0.78,1.13,46375,31246
HD 47186,b,4.0845,0.05,0.038,0.07167,,,,,99.036613,-27.622297,37.84,7.626,5460,0.9,1.19,47186,31540
HD 47186,c,1353.6,2.395,0.249,0.35061,,,,,99.036613,-27.622297,37.84,7.626,5460,0.9,1.19,47186,31540
HD 47536,b,430,,0.2,5,,,,,99.44841,-32.339733,121.36,5.28,4350,,24.06,47536,31688
HD 47536,c,2500,,,7,,,,,99.44841,-32.339733,121.36,5.28,4350,,24.06,47536,31688
HD 48265,b,700,1.51,0.18,1.16,,,,,100.007195,-48.541954,87.41,8.032,5410,0.88,2.34,48265,31895
HD 49674,b,4.9437,0.058,0.23,0.115,,,,,102.877151,40.867756,40.73,8.097,5470,0.9,1.03,49674,32916
HD 50499,b,2582.7,3.86,0.23,1.71,,,,,103.008438,-33.915562,47.26,7.195,5820,1.07,1.54,50499,32970
HD 50554,b,1279,2.38,0.42,4.9,,,,,103.678436,24.245558,31.03,6.844,6010,1.15,1.1,50554,33212
HD 51608,b,14.07,0.1059,0.15,0.0413,,,,,103.713921,-55.259327,34.07,8.155,5330,0.85,0.9,51608,33229
HD 51608,c,95.415,0.3791,0.41,0.0565,,,,,103.713921,-55.259327,34.07,8.155,5330,0.85,0.9,51608,33229
HD 52265,b,118.96,0.49,0.29,1.13,,,,,105.07515,-5.367162,28.07,6.3,6000,1.15,1.29,52265,33719
HD 5319,b,675,1.75,0.12,1.94,,,,,13.755836,0.789553,100,8.047,4820,,3.73,5319,4297
HD 5388,b,777,,,1.96,,,,,13.799541,-47.405964,53.28,6.722,6330,1.27,1.78,5388,4311
HD 5608,b,792.6,1.9,0.19,1.4,,,,,14.559246,33.950886,58.17,5.98,4854,1.55,5.5,5608,4552
HD 5891,b,177.11,0.76,0.066,7.6,,,,,15.1383,20.292484,150.6,8.114,4840,,5.37,5891,4715
HD 59686,b,303,0.911,0,5.25,,,,,112.951653,17.086046,92.51,5.442,4600,,13.4,59686,36616
HD 60532,b,201.83,0.77,0.278,3.1548,,,20,,113.513252,-22.296066,25.7,4.45,6240,1.24,2.52,60532,36795
HD 60532,c,607.06,1.58,0.038,7.4634,,,20,,113.513252,-22.296066,25.7,4.45,6240,1.24,2.52,60532,36795
HD 62509,b,589.64,1.69,0.02,2.9,,,,,116.328957,28.026199,10.34,1.14,4840,,9.15,62509,37826
HD 63454,b,2.817822,0.036,0,0.38,,,,,114.841049,-78.278969,35.8,9.362,4730,0.7,0.78,63454,37284
HD 63765,b,358,0.94,0.24,0.64,,,,,116.957161,-54.264145,32.62,8.104,5430,0.89,0.84,63765,38041
HD 6434,b,22.09,0.15,0.3,0.48,,,,,16.167295,-39.488216,40.32,7.73,5890,1.11,1,6434,5054
HD 65216,b,613.1,1.37,0.41,1.21,,,,,118.422173,-63.647324,35.59,7.964,5590,0.95,0.9,65216,38558
HD 65216,c,5542,,0.15,2.24029,,,,,118.422173,-63.647324,35.59,7.964,5590,0.95,0.9,65216,38558
HD 66428,b,1973,3.18,0.465,2.82,,,,,120.869438,-1.162709,55.04,8.258,5530,0.93,1.25,66428,39417
HD 6718,b,2496,,,1.65,,,,,16.952761,-8.233706,55.01,8.45,5760,1.04,1.03,6718,5301
HD 68988,b,6.276,0.071,0.14,1.9,,,,,124.592384,61.460724,58.82,8.188,5720,1.02,1.27,68988,40687
HD 69830,b,8.667,0.0785,0.1,0.033,,,,,124.599777,-12.632174,12.58,6,5390,0.87,0.87,69830,40693
HD 69830,c,31.56,0.186,0.13,0.038,,,,,124.599777,-12.632174,12.58,6,5390,0.87,0.87,69830,40693
HD 69830,d,197,0.63,0.07,0.058,,,,,124.599777,-12.632174,12.58,6,5390,0.87,0.87,69830,40693
HD 70642,b,2231,3.3,0.1,2,,,,,125.367233,-39.70541,28.76,7.18,5530,,1.08,70642,40952
HD 7199,b,615,1.36,0.19,0.29,,,,,17.696762,-66.188164,35.88,8.027,5130,0.79,1.12,7199,5529
HD 72659,b,3177.4,4.16,0.2,2.96,,,,,128.51329,-1.568217,51.36,7.465,5850,1.09,1.46,72659,42030
HD 73256,b,2.54858,0.037,0.03,1.87,,,,,129.095901,-30.037626,36.52,8.059,5330,0.85,1.01,73256,42214
HD 73267,b,1260,2.198,0.256,3.06,,,,,129.074066,-34.45998,53.05,8.87,5300,0.84,1.02,73267,42202
HD 73526,b,188.3,0.66,0.19,2.9,,,,,129.31868,-41.319103,94.61,8.971,5460,0.9,1.6,73526,42282
HD 73526,c,377.8,1.05,0.14,2.5,,,,,129.31868,-41.319103,94.61,8.971,5460,0.9,1.6,73526,93017
HD 73534,b,1800,3.15,0.046,1.15,,,,,129.815842,12.960376,96.99,8.237,4890,,3.17,73534,42446
HD 74156,b,51.65,0.294,0.64,1.88,,,,,130.604675,4.578097,64.56,7.614,5960,1.12,1.64,74156,42723
HD 74156,c,2476,3.85,0.43,8.03,,,,,130.604675,4.578097,64.56,7.614,5960,1.12,1.64,74156,42723
HD 74156,d,346.6,1.01,0.25,0.396,,,,,130.604675,4.578097,64.56,7.614,5960,1.12,1.64,74156,42723
HD 7449,b,1275,2.3,0.82,1.11,,,,,18.622173,-5.047387,38.52,7.483,5910,1.11,1.06,7449,5806
HD 7449,c,4046,4.96,0.53,2,,,,,18.622173,-5.047387,38.52,7.483,5910,1.11,1.06,7449,5806
HD 75289,b,3.51,0.046,0.054,0.42,,,,,131.918289,-41.736794,28.94,6.37,5960,1.13,1.3,75289,43177
HD 75898,b,418.2,1.19,0.1,2.51,,,,,133.461685,33.056812,80.58,8.033,5770,1.05,1.83,75898,43674
HD 76700,b,3.971,0.049,0.13,0.197,,,,,133.481308,-66.800995,59.7,8.155,5490,0.91,1.45,76700,43686
HD 77338,b,5.7361,0.0614,0.09,0.05,,,,,135.302063,-25.527061,41.27,8.591,5370,0.93,0.88,77338,44291
HD 7924,b,5.3978,0.057,0.17,0.029,,,,,20.496313,76.710281,16.82,7.167,5160,0.8,0.77,7924,6379
HD 79498,b,1966.1,3.13,0.59,1.34,,,,,138.789169,23.375549,48.64,8.02,5540,0.93,1.23,79498,45406
HD 80606,b,111.4357,0.449,0.9332,3.94,0.98,4.828,89.32,,140.65654,50.603722,29.04,9.001,5645,0.97,0.98,80606,45982
HD 81040,b,1001.7,1.94,0.526,6.86,,,,,140.946198,20.364454,32.56,7.716,5670,0.99,0.89,81040,46076
HD 81688,b,184.02,0.81,0,2.7,,,,,142.166626,45.601482,88.26,5.393,4850,,10.96,81688,46471
HD 82886,b,705,1.65,0.27,1.3,,,,,143.938263,34.780743,112.23,7.625,5120,,4.23,82886,47087
HD 82943,b,441.2,1.18,0.219,1.75,,,,,143.711395,-12.129546,27.46,6.53,5760,1.05,1.25,82943,47007
HD 82943,c,219.3,0.747,0.359,2.01,,,,,143.711395,-12.129546,27.46,6.53,5760,1.05,1.25,82943,47007
HD 83443,b,2.985625,0.0406,0.008,0.4,,,,,144.299286,-43.272205,43.53,8.222,5200,0.81,1.19,83443,47202
HD 8535,b,1313,,,0.63,,,,,20.905149,-41.269802,56.34,7.686,6020,1.16,1.35,8535,6511
HD 85390,b,781,,,0.14,,,,,147.510406,-49.790268,33.96,8.526,5170,0.8,0.82,85390,48235
HD 85512,b,58.43,0.26,0.11,0.01133,,,,,147.779388,-43.502789,11.15,7.67,4310,0.66,0.76,85512,48331
HD 8574,b,227,0.757,0.297,1.8,,,,,21.302153,28.566692,44.15,7.112,5990,1.14,1.4,8574,6643
HD 86081,b,2.1375,0.039,0.008,1.5,,,,,149.024658,-3.808422,91.16,8.701,5750,1.04,1.53,86081,48711
HD 86226,b,1534,2.6,0.73,1.5,,,,,149.124359,-24.09939,42.48,7.932,5780,1.05,1.01,86226,48739
HD 86264,b,1475,2.86,0.7,7,,,,,149.240997,-15.895122,72.57,7.407,6240,1.23,1.82,86264,48780
HD 8673,b,1634,3.02,0.723,14.2,,,,,21.536604,34.5797,38.26,6.341,6390,1.28,1.49,8673,6702
HD 87883,b,2754,3.6,0.53,1.78,,,,,152.179749,34.24226,18.06,7.551,4870,0.73,0.82,87883,49699
HD 88133,b,3.416,0.047,0.133,0.22,,,,,152.531982,18.186871,74.46,8.001,5190,0.81,2.27,88133,49813
HD 89307,b,2157,3.27,0.241,1.78,,,,,154.588699,12.621108,30.88,7.009,5930,1.11,1.05,89307,50473
HD 89744,b,256.605,0.89,0.67,7.99,,,,,155.544006,41.22953,38.99,5.72,6160,1.2,2.19,89744,50786
HD 90156,b,49.8,,,0.055,,,,,155.980316,-29.645529,22.09,6.932,5670,0.99,0.87,90156,50921
HD 92788,b,325.81,0.97,0.334,3.86,,,,,160.702209,-2.183756,32.32,7.3,5520,0.92,1.15,92788,52409
HD 93083,b,143.58,0.477,0.14,0.37,,,,,161.087143,-33.577023,28.9,8.318,4930,0.74,0.89,93083,52521
HD 93385,b,13.186,0.1116,0.15,0.0263,,,,,161.562973,-41.464367,42.52,7.486,5890,1.11,1.18,93385,52676
HD 93385,c,46.025,0.257,0.24,0.0318,,,,,161.562973,-41.464367,42.52,7.486,5890,1.11,1.18,93385,52676
HD 9446,b,30.052,0.189,0.2,0.7,,,,,23.334101,29.265148,52.85,8.369,5750,1.04,1.04,9446,7245
HD 9446,c,192.9,0.654,0.06,1.82,,,,,23.334101,29.265148,52.85,8.369,5750,1.04,1.04,9446,7245
HD 95089,b,507,1.51,0.157,1.2,,,,,164.698898,1.729216,149.03,7.946,4950,0.75,5.36,95089,53666
HD 96063,b,361.1,0.99,0.28,0.9,,,,,166.185226,-2.513218,132.8,8.254,5190,0.81,3.6,96063,54158
HD 96127,b,647.3,1.4,0.3,4,,,,,166.441452,44.301559,221.24,7.407,3990,,23.04,96127,54232
HD 96167,b,498.9,1.3,0.71,0.68,,,,,166.31279,-10.291301,84.03,8.08,5440,0.89,2.17,96167,54195
HD 96700,b,8.1256,0.0774,0.1,0.0284,,,,,166.976776,-30.174566,26.21,6.54,5890,1.11,1.12,96700,54400
HD 96700,c,103.49,0.422,0.37,0.04,,,,,166.976776,-30.174566,26.21,6.54,5890,1.11,1.12,96700,54400
HD 97658,b,9.494,0.0831,,0.026,,,,,168.638184,25.710384,21.3,7.762,5180,0.8,0.73,97658,54906
HD 98219,b,436.9,1.23,0.21,1.8,,,,,169.448135,-23.975414,150.38,8.033,4930,,5.26,98219,55174
HD 99109,b,439.3,1.105,0.09,0.502,,,,,171.072327,-1.529076,60.46,9.061,5060,0.77,1.22,99109,55664
HD 99492,b,17.054,0.12186,0.13,0.087,,,,,171.692825,3.006328,17.99,6.14,5280,0.83,1.23,99492,55848
HD 99492,c,4970,5.4,0.1,0.36,,,,,171.692825,3.006328,17.99,6.14,5280,0.83,1.23,99492,55848
HD 99706,b,868,2.14,0.365,1.4,,,,,172.125885,43.966579,130.89,7.637,4830,,5.86,99706,55994
HIP 102125,b,4100,,0.63,7.10158,,,,,310.433716,-75.3508,43.57,6.03,5820,,2.43,196067,102125
HIP 107350,b,,773,,21.9987,1.051,,,,326.130554,14.771939,18.39,5.95,5950,1.12,1.01,206860,107350
HIP 115662,b,2191,,0.2,1.18622,,,,,351.470795,-20.61603,45.23,7.758,5900,1.11,1.1,220689,115662
HIP 11952,b,290,0.81,0.27,2.93,,,,,38.546028,-12.384295,115.34,9.854,7090,1.52,0.71,16031,11952
HIP 11952,c,6.95,0.07,0.35,0.78,,,,,38.546028,-12.384295,115.34,9.854,7090,1.52,0.71,16031,11952
HIP 12961,b,57,,,0.47,,,,,41.678692,-23.086611,23.8,10.294,3960,0.63,0.68,,12961
HIP 13044,b,16.2,0.116,0.25,1.25,,,,,41.90601,-36.107513,223.21,9.982,6530,,1.55,,13044
HIP 14810,b,6.673855,0.0692,0.1427,3.88,,,,,47.809292,21.097359,52.88,8.5,5390,0.87,1.15,,14810
HIP 14810,c,147.73,0.545,0.164,1.28,,,,,47.809292,21.097359,52.88,8.5,5390,0.87,1.15,,14810
HIP 14810,d,952,1.89,0.173,0.57,,,,,47.809292,21.097359,52.88,8.5,5390,0.87,1.15,,14810
HIP 20199,b,2220,,0.17,1.70004,,,,,64.939461,-41.960266,44.54,8.243,5650,0.98,0.97,27631,20199
HIP 26380,b,363.2,1.02,0.41,0.34,,,,,84.258408,-73.699341,37.78,6.696,6020,1.16,1.43,38283,26380
HIP 34693,b,305,,,18.1,,,,,107.784882,30.245163,92.51,4.42,4500,,24.49,54719,34693
HIP 5158,b,345.72,0.89,0.52,1.42,,,,,16.508533,-22.453154,44.8,10.167,4650,0.69,0.71,,5158
HIP 5158,c,9017.8,7.7,0.14,15.04,,,,,16.508533,-22.453154,44.8,10.167,4650,0.69,0.71,,5158
HIP 55409,b,10400,,0.86,7.00089,,,,,170.215698,-23.217342,42.77,7.991,5700,1,1.02,98649,55409
HIP 57050,b,41.397,0.163506,0.314,0.298,,,,,175.435974,42.751972,11.03,11.92,3190,0.19,0.39,,57050
HIP 57274,b,8.1352,0.07,0.187,0.036,,,,,176.170685,30.959293,25.87,8.984,4540,0.69,0.81,,57274
HIP 57274,c,32.03,0.178,0.05,0.41,,,,,176.170685,30.959293,25.87,8.984,4540,0.69,0.81,,57274
HIP 57274,d,431.7,1.01,0.27,0.527,,,,,176.170685,30.959293,25.87,8.984,4540,0.69,0.81,,57274
HIP 59743A,b,3630,,0.6,10.4998,,,,,183.777359,-7.257327,36.36,7.971,5230,0.82,1.1,106515,59743
HIP 63510,c,,1168,,6.28536,1.22,,,,195.194092,12.375724,11.43,9.72,3630,0.53,0.6,,63510
HIP 64295,c,1046,,0.06,1.18622,,,,,197.665924,-35.054783,28.04,8.715,4690,0.7,0.84,114386,64295
HIP 70849,b,3000,,,5,,,,,217.327347,-46.463818,23.98,10.38,3940,0.62,0.67,,70849
HIP 75458,b,511.098,1.275,0.7124,8.82,,,,,231.232391,58.966064,31.33,3.29,4610,,12.91,137759,75458
HIP 78530,b,,,,23.04,,,,,240.481064,-21.980389,131.93,7.192,8640,2.1,1.91,143567,78530
HIP 79431,b,111.7,0.36,0.29,2.1,,,,,243.174057,-18.875504,14.9,,,,,,79431
HIP 88048,b,530.32,1.9,0.1256,24,,,,,269.756622,-9.773632,46.84,3.34,4928,3.04,15.1,163917,88048
HIP 88048,c,3186,6.1,0.165,27,,,,,269.756622,-9.773632,46.84,3.34,4928,3.04,15.1,163917,88048
HIP 89354,b,8100,,0.77,4.12187,,,,,273.498657,-42.575375,42.99,9.344,5140,0.8,0.73,166724,89354
HIP 94576,b,396.03,1.4,0.257,22,,,,,288.709198,31.86035,131.75,6.608,4810,,9.61,180314,94576
HIP 9884,b,380.8,1.2,0.25,1.8,,,,,31.793364,23.462423,20.21,2,4460,,16.78,12929,9884
HR 810,b,311.288,0.91,0.24,1.94,,,,,40.639442,-50.800293,17.24,5.41,6040,1.17,1.17,17051,12653
HR 8799,b,170000,68,,7,1.2,,,,346.869659,21.134251,39.94,5.953,7460,1.63,1.34,218396,114189
HR 8799,c,69000,38,,10,1.2,,,,346.869659,21.134251,39.94,5.953,7460,1.63,1.34,218396,114189
HR 8799,d,37000,24,,10,1.2,,,,346.869659,21.134251,39.94,5.953,7460,1.63,1.34,218396,114189
HR 8799,e,18000,14.5,,,,,,,346.869659,21.134251,39.94,5.953,7460,1.63,1.34,218396,114189
HW Vir,b,5767,,,19.2,,,,,191.08432,-8.671344,130.72,,,,,,62157
HW Vir,c,3321,,,8.5,,,,,191.08432,-8.671344,130.72,,,,,,62157
kappa CrB,b,1251,2.6,0.073,1.6,,,,,237.808044,35.657383,31.12,4.82,4877,1.51,5,142091,77655
KELT-2A,b,4.1137912,0.05496,0,1.522,1.286,,88.6,,92.663948,30.957144,124.22,8.713,6210,1.22,1.73,42176,29301
Kepler-21,b,2.785755,0.042507,0,0.03272,0.146,12.9,82.58,0,287.361816,38.714016,107.88,8.25,6131,1.34,1.86,179070,94112
ksi Aql,b,136.75,0.68,0,2.8,,,,,298.562012,8.461452,62.66,4.68,4750,,11.57,188310,97938
omi CrB,b,187.83,0.83,0.191,1.5,,,,,230.03566,29.616209,84.03,5.51,4749,2.13,10.5,136512,75049
omi Uma,b,1630,3.9,0.13,4.1,,,,,127.566124,60.71817,56.31,3.36,5242,3.09,14.1,71369,41704
rho CrB,b,39.845,0.22,0.04,1.04,,,,,240.261093,33.303509,17.43,5.4,5890,1.11,1.26,143761,78459
tau Boo,b,3.3135,0.046,0.018,3.9,,,,,206.815598,17.456905,15.6,4.5,6370,1.27,1.43,120136,67275
ups And,b,4.617033,0.059222,0.0215,0.6876,,,,,24.199345,41.40546,13.47,4.1,6120,1.19,1.62,9826,7513
ups And,c,241.258,0.827774,0.2596,1.981,,,,,24.199345,41.40546,13.47,4.1,6120,1.19,1.62,9826,7513
ups And,d,1276.46,2.51329,0.2987,4.132,,,,,24.199345,41.40546,13.47,4.1,6120,1.19,1.62,9826,7513
ups And,e,3848.86,5.24558,0.00536,1.059,,,,,24.199345,41.40546,13.47,4.1,6120,1.19,1.62,9826,7513
WASP-18,b,0.94145299,0.02026,0.0092,10.43,1.165,8.78,86,,24.354311,-45.677887,105.49,9.303,6400,1.28,1.23,10069,7562
WASP-33,b,1.2198669,0.02555,,4.1,1.497,,87.67,,36.712746,37.550484,116.14,8.142,7430,1.5,1.44,15082,11397
